<?xml version="1.0" encoding="UTF-8"?>
<project-private xmlns="http://www.netbeans.org/ns/project-private/1">
    <editor-bookmarks xmlns="http://www.netbeans.org/ns/editor-bookmarks/2" lastBookmarkId="0"/>
    <open-files xmlns="http://www.netbeans.org/ns/projectui-open-files/2">
        <group>
            <file>file:/D:/IBA/5th%20Semester/Operating%20Systems/Phase%201%20code/OSPhase1/src/osphase1/Instruction.java</file>
            <file>file:/D:/IBA/5th%20Semester/Operating%20Systems/Phase%201%20code/OSPhase1/src/osphase1/Register.java</file>
            <file>file:/D:/IBA/5th%20Semester/Operating%20Systems/Phase%201%20code/OSPhase1/src/osphase1/Flag.java</file>
            <file>file:/D:/IBA/5th%20Semester/Operating%20Systems/Phase%201%20code/OSPhase1/src/osphase1/OSPhase1.java</file>
            <file>file:/D:/IBA/5th%20Semester/Operating%20Systems/Phase%201%20code/OSPhase1/src/osphase1/GPR.java</file>
            <file>file:/D:/IBA/5th%20Semester/Operating%20Systems/Phase%201%20code/OSPhase1/src/osphase1/MainMemory.java</file>
            <file>file:/D:/IBA/5th%20Semester/Operating%20Systems/Phase%201%20code/OSPhase1/src/osphase1/SPR.java</file>
        </group>
    </open-files>
</project-private>
